City,Country
London,United Kingdom
Birmingham,United Kingdom
Bournemouth,United Kingdom
Brentford,United Kingdom
Brighton and Hove,United Kingdom
Burnley,United Kingdom
Cardiff,Wales
London,United Kingdom
London,United Kingdom
Liverpool,United Kingdom
London,United Kingdom
Huddersfield,United Kingdom
Leeds,United Kingdom
Leicester,United Kingdom
Liverpool,United Kingdom
Manchester,United Kingdom
Manchester,United Kingdom
Newcastle upon Tyne,United Kingdom
Norwich,United Kingdom
Nottingham,United Kingdom
Sheffield,United Kingdom
Southampton,United Kingdom
Stoke,United Kingdom
Swansea,Wales
London,United Kingdom
Watford,United Kingdom
West Bromwich,United Kingdom
London,United Kingdom
Wolverhampton,United Kingdom
